Date,Open,High,Low,Close,Adj Close,Volume
9/19/2024,225.14,229.82,224.64,228.87,228.87,"66,307,649"
9/18/2024,217.55,222.71,217.54,220.69,220.69,"59,894,900"
9/17/2024,215.75,216.9,214.5,216.79,216.79,"45,519,300"
9/16/2024,216.54,217.22,213.92,216.32,216.32,"59,357,400"
9/13/2024,223.58,224.04,221.91,222.5,222.5,"36,766,600"
9/12/2024,222.5,223.55,219.82,222.77,222.77,"37,498,200"
9/11/2024,221.46,223.09,217.89,222.66,222.66,"44,587,100"
9/10/2024,218.92,221.48,216.73,220.11,220.11,"51,591,000"
9/9/2024,220.82,221.27,216.71,220.91,220.91,"67,180,000"
9/6/2024,223.95,225.24,219.77,220.82,220.82,"48,423,000"
9/5/2024,221.63,225.48,221.52,222.38,222.38,"36,615,400"
9/4/2024,221.66,221.78,217.48,220.85,220.85,"43,840,200"
9/3/2024,228.55,229,221.17,222.77,222.77,"50,190,600"
8/30/2024,230.19,230.4,227.48,229,229,"52,990,800"
8/29/2024,230.1,232.92,228.88,229.79,229.79,"51,906,300"
8/28/2024,227.92,229.86,225.68,226.49,226.49,"38,052,200"
8/27/2024,226,228.85,224.89,228.03,228.03,"35,934,600"
8/26/2024,226.76,227.28,223.89,227.18,227.18,"30,602,200"
8/23/2024,225.66,228.22,224.33,226.84,226.84,"38,677,300"
8/22/2024,227.79,228.34,223.9,224.53,224.53,"43,695,300"
8/21/2024,226.52,227.98,225.05,226.4,226.4,"34,765,500"
8/20/2024,225.77,227.17,225.45,226.51,226.51,"30,299,000"
8/19/2024,225.72,225.99,223.04,225.89,225.89,"40,687,800"
8/16/2024,223.92,226.83,223.65,226.05,226.05,"44,340,200"
8/15/2024,224.6,225.35,222.76,224.72,224.72,"46,414,000"
8/14/2024,220.57,223.03,219.7,221.72,221.72,"41,960,600"
8/13/2024,219.01,221.89,219.01,221.27,221.27,"44,155,300"
8/12/2024,216.07,219.51,215.6,217.53,217.53,"38,028,100"
8/9/2024,212.1,216.78,211.97,216.24,215.99,"42,201,600"
8/8/2024,213.11,214.2,208.83,213.31,213.06,"47,161,100"
8/7/2024,206.9,213.64,206.39,209.82,209.58,"63,516,400"
8/6/2024,205.3,209.99,201.07,207.23,206.99,"69,660,500"
8/5/2024,199.09,213.5,196,209.27,209.03,"119,548,600"
8/2/2024,219.15,225.6,217.71,219.86,219.61,"105,568,600"
8/1/2024,224.37,224.48,217.02,218.36,218.11,"62,501,000"
7/31/2024,221.44,223.82,220.63,222.08,221.82,"50,036,300"
7/30/2024,219.19,220.33,216.12,218.8,218.55,"41,643,800"
7/29/2024,216.96,219.3,215.75,218.24,217.99,"36,311,800"
7/26/2024,218.7,219.49,216.01,217.96,217.71,"41,601,300"
7/25/2024,218.93,220.85,214.62,217.49,217.24,"51,391,200"
7/24/2024,224,224.8,217.13,218.54,218.29,"61,777,600"
7/23/2024,224.37,226.94,222.68,225.01,224.75,"39,960,300"
7/22/2024,227.01,227.78,223.09,223.96,223.7,"48,201,800"
7/19/2024,224.82,226.8,223.28,224.31,224.05,"49,151,500"
7/18/2024,230.28,230.44,222.27,224.18,223.92,"66,034,600"
7/17/2024,229.45,231.46,226.64,228.88,228.62,"57,345,900"
7/16/2024,235,236.27,232.33,234.82,234.55,"43,234,300"
7/15/2024,236.48,237.23,233.09,234.4,234.13,"62,631,300"
7/12/2024,228.92,232.64,228.68,230.54,230.27,"53,046,500"
7/11/2024,231.39,232.39,225.77,227.57,227.31,"64,710,600"
7/10/2024,229.3,233.08,229.25,232.98,232.71,"62,627,700"
7/9/2024,227.93,229.4,226.37,228.68,228.42,"48,076,100"
7/8/2024,227.09,227.85,223.25,227.82,227.56,"59,085,900"
7/5/2024,221.65,226.45,221.65,226.34,226.08,"60,412,400"
7/3/2024,220,221.55,219.03,221.55,221.29,"37,369,800"
7/2/2024,216.15,220.38,215.1,220.27,220.02,"58,046,200"
7/1/2024,212.09,217.51,211.92,216.75,216.5,"60,402,900"
6/28/2024,215.77,216.07,210.3,210.62,210.38,"82,542,700"
6/27/2024,214.69,215.74,212.35,214.1,213.85,"49,772,700"
6/26/2024,211.5,214.86,210.64,213.25,213,"66,213,200"
6/25/2024,209.15,211.38,208.61,209.07,208.83,"56,713,900"
6/24/2024,207.72,212.7,206.59,208.14,207.9,"80,727,000"
6/21/2024,210.39,211.89,207.11,207.49,207.25,"246,421,400"
6/20/2024,213.93,214.24,208.85,209.68,209.44,"86,172,500"
6/18/2024,217.59,218.63,213,214.29,214.04,"79,943,300"
6/17/2024,213.37,218.95,212.72,216.67,216.42,"93,728,300"
6/14/2024,213.85,215.17,211.3,212.49,212.24,"70,122,700"
6/13/2024,214.74,216.75,211.6,214.24,213.99,"97,862,700"
6/12/2024,207.37,220.2,206.9,213.07,212.82,"198,134,300"
6/11/2024,193.65,207.16,193.63,207.15,206.91,"172,373,300"
6/10/2024,196.9,197.3,192.15,193.12,192.9,"97,262,100"
6/7/2024,194.65,196.94,194.14,196.89,196.66,"53,103,900"
6/6/2024,195.69,196.5,194.17,194.48,194.26,"41,181,800"
6/5/2024,195.4,196.9,194.87,195.87,195.64,"54,156,800"
6/4/2024,194.64,195.32,193.03,194.35,194.13,"47,471,400"
6/3/2024,192.9,194.99,192.52,194.03,193.81,"50,080,500"
5/31/2024,191.44,192.57,189.91,192.25,192.03,"75,158,300"
5/30/2024,190.76,192.18,190.63,191.29,191.07,"49,947,900"
5/29/2024,189.61,192.25,189.51,190.29,190.07,"53,068,000"
5/28/2024,191.51,193,189.1,189.99,189.77,"52,280,100"
5/24/2024,188.82,190.58,188.04,189.98,189.76,"36,294,600"
5/23/2024,190.98,191,186.63,186.88,186.66,"51,005,900"
5/22/2024,192.27,192.82,190.27,190.9,190.68,"34,648,500"
5/21/2024,191.09,192.73,190.92,192.35,192.13,"42,309,400"
5/20/2024,189.33,191.92,189.01,191.04,190.82,"44,361,300"
5/17/2024,189.51,190.81,189.18,189.87,189.65,"41,282,900"
5/16/2024,190.47,191.1,189.66,189.84,189.62,"52,845,200"
5/15/2024,187.91,190.65,187.37,189.72,189.5,"70,400,000"
5/14/2024,187.51,188.3,186.29,187.43,187.21,"52,393,600"
5/13/2024,185.44,187.1,184.62,186.28,186.06,"72,044,800"
5/10/2024,184.9,185.09,182.13,183.05,182.84,"50,759,500"
5/9/2024,182.56,184.66,182.11,184.57,184.11,"48,983,000"
5/8/2024,182.85,183.07,181.45,182.74,182.28,"45,057,100"
5/7/2024,183.45,184.9,181.32,182.4,181.94,"77,305,800"
5/6/2024,182.35,184.2,180.42,181.71,181.25,"78,569,700"
5/3/2024,186.65,187,182.66,183.38,182.92,"163,224,100"
5/2/2024,172.51,173.42,170.89,173.03,172.6,"94,214,900"
5/1/2024,169.58,172.71,169.11,169.3,168.88,"50,383,100"
4/30/2024,173.33,174.99,170,170.33,169.9,"65,934,800"
4/29/2024,173.37,176.03,173.1,173.5,173.06,"68,169,400"
4/26/2024,169.88,171.34,169.18,169.3,168.88,"44,838,400"
4/25/2024,169.53,170.61,168.15,169.89,169.46,"50,558,300"
4/24/2024,166.54,169.3,166.21,169.02,168.6,"48,251,800"
4/23/2024,165.35,167.05,164.92,166.9,166.48,"49,537,800"
4/22/2024,165.52,167.26,164.77,165.84,165.42,"48,116,400"
4/19/2024,166.21,166.4,164.08,165,164.59,"67,772,100"
4/18/2024,168.03,168.64,166.55,167.04,166.62,"43,122,900"
4/17/2024,169.61,170.65,168,168,167.58,"50,901,200"
4/16/2024,171.75,173.76,168.27,169.38,168.96,"73,711,200"
4/15/2024,175.36,176.63,172.5,172.69,172.26,"73,531,800"
4/12/2024,174.26,178.36,174.21,176.55,176.11,"101,593,300"
4/11/2024,168.34,175.46,168.16,175.04,174.6,"91,070,300"
4/10/2024,168.8,169.09,167.11,167.78,167.36,"49,709,300"
4/9/2024,168.7,170.08,168.35,169.67,169.24,"42,451,200"
4/8/2024,169.03,169.2,168.24,168.45,168.03,"37,425,500"
4/5/2024,169.59,170.39,168.95,169.58,169.15,"42,055,200"
4/4/2024,170.29,171.92,168.82,168.82,168.4,"53,704,400"
4/3/2024,168.79,170.68,168.58,169.65,169.22,"47,691,700"
4/2/2024,169.08,169.34,168.23,168.84,168.42,"49,329,500"
4/1/2024,171.19,171.25,169.48,170.03,169.6,"46,240,500"
3/28/2024,171.75,172.23,170.51,171.48,171.48,65672700
3/27/2024,170.41,173.6,170.11,173.31,173.31,60273300
3/26/2024,170,171.42,169.58,169.71,169.71,57388400
3/25/2024,170.57,171.94,169.45,170.85,170.85,54288300
3/22/2024,171.76,173.05,170.06,172.28,172.28,71106600
3/21/2024,177.05,177.49,170.84,171.37,171.37,106181300
3/20/2024,175.72,178.67,175.09,178.67,178.67,53423100
3/19/2024,174.34,176.61,173.03,176.08,176.08,55215200
3/18/2024,175.57,177.71,173.52,173.72,173.72,75604200
3/15/2024,171.17,172.62,170.29,172.62,172.62,121664700
3/14/2024,172.91,174.31,172.05,173,173,72913500
3/13/2024,172.77,173.19,170.76,171.13,171.13,52488700
3/12/2024,173.15,174.03,171.01,173.23,173.23,59825400
3/11/2024,172.94,174.38,172.05,172.75,172.75,60139500
3/8/2024,169,173.7,168.94,170.73,170.73,76114600
3/7/2024,169.15,170.73,168.49,169,169,71765100
3/6/2024,171.06,171.24,168.68,169.12,169.12,68587700
3/5/2024,170.76,172.04,169.62,170.12,170.12,95132400
3/4/2024,176.15,176.9,173.79,175.1,175.1,81510100
3/1/2024,179.55,180.53,177.38,179.66,179.66,73488000
2/29/2024,181.27,182.57,179.53,180.75,180.75,136682600
2/28/2024,182.51,183.12,180.13,181.42,181.42,48953900
2/27/2024,181.1,183.92,179.56,182.63,182.63,54318900
2/26/2024,182.24,182.76,180.65,181.16,181.16,40867400
2/23/2024,185.01,185.04,182.23,182.52,182.52,45074500
2/22/2024,183.48,184.96,182.46,184.37,184.37,52292200
2/21/2024,181.94,182.89,180.66,182.32,182.32,41529700
2/20/2024,181.79,182.43,180,181.56,181.56,53665600
2/16/2024,183.42,184.85,181.67,182.31,182.31,49701400
2/15/2024,183.55,184.49,181.35,183.86,183.86,65434500
2/14/2024,185.32,185.53,182.44,184.15,184.15,54630500
2/13/2024,185.77,186.21,183.51,185.04,185.04,56529500
2/12/2024,188.42,188.67,186.79,187.15,187.15,41781900
2/9/2024,188.65,189.99,188,188.85,188.85,45155200
2/8/2024,189.385,189.535,187.35,188.32,188.08,40962047
2/7/2024,190.64,191.05,188.61,189.41,189.1686,53438961
2/6/2024,186.86,189.31,186.7695,189.3,189.0588,43490762
2/5/2024,188.15,189.25,185.84,187.68,187.4408,69668812
2/2/2024,179.86,187.33,179.25,185.85,185.6131,102518000
2/1/2024,183.99,186.95,183.82,186.86,186.6219,64885400
1/31/2024,187.04,187.1,184.35,184.4,184.165,55467800
1/30/2024,190.94,191.8,187.47,188.04,187.8004,55859400
1/29/2024,192.01,192.2,189.58,191.73,191.4857,47145600
1/26/2024,194.27,194.76,191.94,192.42,192.1748,44594000
1/25/2024,195.22,196.27,193.11,194.17,193.9225,54822100
1/24/2024,195.42,196.38,194.34,194.5,194.2521,53631300
1/23/2024,195.02,195.75,193.83,195.18,194.9313,42355600
1/22/2024,192.3,195.33,192.26,193.89,193.6429,60133900
1/19/2024,189.33,191.95,188.82,191.56,191.3159,68741000
1/18/2024,186.09,189.14,185.83,188.63,188.3896,78005800
1/17/2024,181.27,182.93,180.3,182.68,182.4472,47317400
1/16/2024,182.16,184.26,180.93,183.63,183.396,65603000
1/12/2024,186.06,186.74,185.19,185.92,185.6831,40444700
1/11/2024,186.54,187.05,183.62,185.59,185.3535,49128400
1/10/2024,184.35,186.4,183.92,186.19,185.9527,46792900
1/9/2024,183.92,185.15,182.73,185.14,184.9041,42841800
1/8/2024,182.09,185.6,181.5,185.56,185.3235,59144500
1/5/2024,181.99,182.76,180.17,181.18,180.9491,62303300
1/4/2024,182.15,183.09,180.88,181.91,181.6782,71983600
1/3/2024,184.22,185.88,183.43,184.25,184.0152,58414500
1/2/2024,187.15,188.44,183.89,185.64,185.4034,82488700
12/29/2023,193.9,194.4,191.73,192.53,192.2846,42628800
12/28/2023,194.14,194.66,193.17,193.58,193.3333,34049900
12/27/2023,192.49,193.5,191.09,193.15,192.9038,48087700
12/26/2023,193.61,193.89,192.83,193.05,192.804,28919300
12/22/2023,195.18,195.41,192.97,193.6,193.3533,37122800
12/21/2023,196.1,197.08,193.5,194.68,194.4319,46482500
12/20/2023,196.9,197.68,194.83,194.83,194.5817,52242800
12/19/2023,196.16,196.95,195.89,196.94,196.689,40714100
12/18/2023,196.09,196.63,194.39,195.89,195.6404,55751900
12/15/2023,197.53,198.4,197,197.57,197.3182,128256700
12/14/2023,198.02,199.62,196.16,198.11,197.8575,66831600
12/13/2023,195.09,198,194.85,197.96,197.7077,70404200
12/12/2023,193.08,194.72,191.72,194.71,194.4619,52696900
12/11/2023,193.11,193.49,191.42,193.18,192.9338,60943700
12/8/2023,194.2,195.99,193.67,195.71,195.4606,53377300
12/7/2023,193.63,195,193.59,194.27,194.0224,47477700
12/6/2023,194.45,194.76,192.11,192.32,192.0749,41089700
12/5/2023,190.21,194.4,190.18,193.42,193.1735,66628400
12/4/2023,189.98,190.05,187.45,189.43,189.1886,43389500
12/1/2023,190.33,191.56,189.23,191.24,190.9963,45679300
11/30/2023,189.84,190.32,188.19,189.95,189.7079,48794400
11/29/2023,190.9,192.09,188.97,189.37,189.1287,43014200
11/28/2023,189.78,191.08,189.4,190.4,190.1573,38415400
11/27/2023,189.92,190.67,188.9,189.79,189.5481,40552600
11/24/2023,190.87,190.9,189.25,189.97,189.7279,24048300
11/22/2023,191.49,192.93,190.83,191.31,191.0662,39617700
11/21/2023,191.41,191.52,189.74,190.64,190.397,38134500
11/20/2023,189.89,191.91,189.88,191.45,191.206,46505100
11/17/2023,190.25,190.38,188.57,189.69,189.4483,50922700
11/16/2023,189.57,190.96,188.65,189.71,189.4682,54412900
11/15/2023,187.85,189.5,187.78,188.01,187.7704,53790500
11/14/2023,187.7,188.11,186.3,187.44,187.2011,60108400
11/13/2023,185.82,186.03,184.21,184.8,184.5645,43627500
11/10/2023,183.97,186.57,183.53,186.4,186.1624,66133400
11/9/2023,182.96,184.12,181.81,182.41,181.9378,53763500
11/8/2023,182.35,183.45,181.59,182.89,182.4166,49340300
11/7/2023,179.18,182.44,178.97,181.82,181.3494,70530000
11/6/2023,176.38,179.43,176.21,179.23,178.7661,63841300
11/3/2023,174.24,176.82,173.35,176.65,176.1927,79763700
11/2/2023,175.52,177.78,175.46,177.57,177.1104,77334800
11/1/2023,171,174.23,170.12,173.97,173.5197,56934900
10/31/2023,169.35,170.9,167.9,170.77,170.328,44846000
10/30/2023,169.02,171.17,168.87,170.29,169.8492,51131000
10/27/2023,166.91,168.96,166.83,168.22,167.7846,58499100
10/26/2023,170.37,171.38,165.67,166.89,166.458,70625300
10/25/2023,171.88,173.06,170.65,171.1,170.6571,57157000
10/24/2023,173.05,173.67,171.45,173.44,172.9911,43816600
10/23/2023,170.91,174.01,169.93,173,172.5522,55980100
10/20/2023,175.31,175.42,172.64,172.88,172.4325,64189300
10/19/2023,176.04,177.84,175.19,175.46,175.0058,59302900
10/18/2023,175.58,177.58,175.11,175.84,175.3848,54764400
10/17/2023,176.65,178.42,174.8,177.15,176.6915,57549400
10/16/2023,176.75,179.08,176.51,178.72,178.2574,52517000
10/13/2023,181.42,181.93,178.14,178.85,178.3871,51427100
10/12/2023,180.07,182.34,179.04,180.71,180.2422,56743100
10/11/2023,178.2,179.85,177.6,179.8,179.3346,47551100
10/10/2023,178.1,179.72,177.95,178.39,177.9282,43698000
10/9/2023,176.81,179.05,175.8,178.99,178.5267,42390800
10/6/2023,173.8,177.99,173.18,177.49,177.0306,57224100
10/5/2023,173.79,175.45,172.68,174.91,174.4573,48527900
10/4/2023,171.09,174.21,170.97,173.66,173.2105,53020300
10/3/2023,172.26,173.63,170.82,172.4,171.9537,49594600
10/2/2023,171.22,174.3,170.93,173.75,173.3003,52164500
9/29/2023,172.02,173.07,170.34,171.21,170.7668,51814200
9/28/2023,169.34,172.03,167.62,170.69,170.2482,56294400
9/27/2023,172.62,173.04,169.05,170.43,169.9888,66921800
9/26/2023,174.82,175.2,171.66,171.96,171.5149,64588900
9/25/2023,174.2,176.97,174.15,176.08,175.6242,46172700
9/22/2023,174.67,177.08,174.05,174.79,174.3376,56725400
9/21/2023,174.55,176.3,173.86,173.93,173.4798,63047900
9/20/2023,179.26,179.7,175.4,175.49,175.0357,58436200
9/19/2023,177.52,179.63,177.13,179.07,178.6065,51826900
9/18/2023,176.48,179.38,176.17,177.97,177.5093,67257600
9/15/2023,176.48,176.5,173.82,175.01,174.557,109205100
9/14/2023,174,176.1,173.58,175.74,175.2851,60895800
9/13/2023,176.51,177.3,173.98,174.21,173.7591,84267900
9/12/2023,179.49,180.13,174.82,176.3,175.8437,90370200
9/11/2023,180.07,180.3,177.34,179.36,178.8957,58953100
9/8/2023,178.35,180.24,177.79,178.18,177.7188,65551300
9/7/2023,175.18,178.21,173.54,177.56,177.1004,112488800
9/6/2023,188.4,188.85,181.47,182.91,182.4365,81755800
9/5/2023,188.28,189.98,187.61,189.7,189.209,45280000
9/1/2023,189.49,189.92,188.28,189.46,188.9696,45732600
8/31/2023,187.84,189.12,187.48,187.87,187.3837,60794500
8/30/2023,184.94,187.85,184.74,187.65,187.1643,60813900
8/29/2023,179.7,184.9,179.5,184.12,183.6434,53003900
8/28/2023,180.09,180.59,178.55,180.19,179.7236,43820700
8/25/2023,177.38,179.15,175.82,178.61,178.1477,51449600
8/24/2023,180.67,181.1,176.01,176.38,175.9234,54945800
8/23/2023,178.52,181.55,178.33,181.12,180.6512,52722800
8/22/2023,177.06,177.68,176.25,177.23,176.7712,42084200
8/21/2023,175.07,176.13,173.74,175.84,175.3848,46311900
8/18/2023,172.3,175.1,171.96,174.49,174.0383,61114200
8/17/2023,177.14,177.51,173.48,174,173.5496,66062900
8/16/2023,177.13,178.54,176.5,176.57,176.113,46964900
8/15/2023,178.88,179.48,177.05,177.45,176.9907,43622600
8/14/2023,177.97,179.69,177.31,179.46,178.9955,43675600
8/11/2023,177.32,178.62,176.55,177.79,177.3298,51988100
8/10/2023,179.48,180.75,177.6,177.97,177.27,54686900
8/9/2023,180.87,180.93,177.01,178.19,177.4891,60378500
8/8/2023,179.69,180.27,177.58,179.8,179.0928,67823000
8/7/2023,182.13,183.13,177.35,178.85,178.1465,97576100
8/4/2023,185.52,187.38,181.92,181.99,181.2741,115799700
8/3/2023,191.57,192.37,190.69,191.17,190.418,61235200
8/2/2023,195.04,195.18,191.85,192.58,191.8225,50389300
8/1/2023,196.24,196.73,195.28,195.61,194.8406,35175100
7/31/2023,196.06,196.49,195.26,196.45,195.6773,38824100
7/28/2023,194.67,196.63,194.14,195.83,195.0597,48291400
7/27/2023,196.02,197.2,192.55,193.22,192.46,47460200
7/26/2023,193.67,195.64,193.32,194.5,193.7349,47471900
7/25/2023,193.33,194.44,192.92,193.62,192.8584,37283200
7/24/2023,193.41,194.91,192.25,192.75,191.9918,45377800
7/21/2023,194.1,194.97,191.23,191.94,191.185,71917800
7/20/2023,195.09,196.47,192.5,193.13,192.3703,59581200
7/19/2023,193.1,198.23,192.65,195.1,194.3326,80507300
7/18/2023,193.35,194.33,192.42,193.73,192.968,48353800
7/17/2023,191.9,194.32,191.81,193.99,193.2269,50520200
7/14/2023,190.23,191.18,189.63,190.69,189.9399,41573900
7/13/2023,190.5,191.19,189.78,190.54,189.7905,41342300
7/12/2023,189.68,191.7,188.47,189.77,189.0235,60750200
7/11/2023,189.16,189.3,186.6,188.08,187.3402,46638100
7/10/2023,189.26,189.99,187.04,188.61,187.8681,59922200
7/7/2023,191.41,192.67,190.24,190.68,189.93,46778000
7/6/2023,189.84,192.02,189.2,191.81,191.0555,45094300
7/5/2023,191.57,192.98,190.62,191.33,190.5774,46920300
7/3/2023,193.78,193.88,191.76,192.46,191.703,31458200
6/30/2023,191.63,194.48,191.26,193.97,193.207,85069600
6/29/2023,189.08,190.07,188.94,189.59,188.8442,46347300
6/28/2023,187.93,189.9,187.6,189.25,188.5056,51216800
6/27/2023,185.89,188.39,185.67,188.06,187.3203,50730800
6/26/2023,186.83,188.05,185.23,185.27,184.5412,48088700
6/23/2023,185.55,187.56,185.01,186.68,185.9457,53079300
6/22/2023,183.74,187.05,183.67,187,186.2644,51245300
6/21/2023,184.9,185.41,182.59,183.96,183.2364,49515700
6/20/2023,184.41,186.1,184.41,185.01,184.2823,49799100
6/16/2023,186.73,186.99,184.27,184.92,184.1926,101235600
6/15/2023,183.96,186.52,183.78,186.01,185.2783,65433200
6/14/2023,183.37,184.39,182.02,183.95,183.2264,57462900
6/13/2023,182.8,184.15,182.44,183.31,182.5889,54929100
6/12/2023,181.27,183.89,180.97,183.79,183.0671,54274900
6/9/2023,181.5,182.23,180.63,180.96,180.2482,48870700
6/8/2023,177.9,180.84,177.46,180.57,179.8597,50214900
6/7/2023,178.44,181.21,177.32,177.82,177.1205,61944600
6/6/2023,179.97,180.12,177.43,179.21,178.5051,64848400
6/5/2023,182.63,184.95,178.04,179.58,178.8736,121946500
6/2/2023,181.03,181.78,179.26,180.95,180.2382,61945900
6/1/2023,177.7,180.12,176.93,180.09,179.3816,68901800
5/31/2023,177.33,179.35,176.76,177.25,176.5528,99625300
5/30/2023,176.96,178.99,176.57,177.3,176.6026,55964400
5/26/2023,173.32,175.77,173.11,175.43,174.7399,54835000
5/25/2023,172.41,173.9,171.69,172.99,172.3095,56058300
5/24/2023,171.09,172.42,170.52,171.84,171.1641,45143500
5/23/2023,173.13,173.38,171.28,171.56,170.8852,50747300
5/22/2023,173.98,174.71,173.45,174.2,173.5148,43570900
5/19/2023,176.39,176.39,174.94,175.16,174.471,55772400
5/18/2023,173,175.24,172.58,175.05,174.3614,65496700
5/17/2023,171.71,172.93,170.42,172.69,172.0107,57951600
5/16/2023,171.99,173.14,171.8,172.07,171.3932,42110300
5/15/2023,173.16,173.21,171.47,172.07,171.3932,37266700
5/12/2023,173.62,174.06,171,172.57,171.8912,45497800
5/11/2023,173.85,174.59,172.17,173.75,172.8275,49514700
5/10/2023,173.02,174.03,171.9,173.56,172.6385,53724500
5/9/2023,173.05,173.54,171.6,171.77,170.858,45326900
5/8/2023,172.48,173.85,172.11,173.5,172.5788,55962800
5/5/2023,170.98,174.3,170.76,173.57,172.6485,113316400
5/4/2023,164.89,167.04,164.31,165.79,164.9098,81235400
5/3/2023,169.5,170.92,167.16,167.45,166.5609,65136000
5/2/2023,170.09,170.35,167.54,168.54,167.6452,48425700
5/1/2023,169.28,170.45,168.64,169.59,168.6896,52472900
4/28/2023,168.49,169.85,167.88,169.68,168.7791,55209200
4/27/2023,165.19,168.56,165.19,168.41,167.5158,64902300
4/26/2023,163.06,165.28,162.8,163.76,162.8905,45498800
4/25/2023,165.19,166.31,163.73,163.77,162.9005,48714100
4/24/2023,165,165.6,163.89,165.33,164.4522,41949600
4/21/2023,165.05,166.45,164.49,165.02,164.1438,58337300
4/20/2023,166.09,167.87,165.56,166.65,165.7652,52456400
4/19/2023,165.8,168.16,165.54,167.63,166.74,47720200
4/18/2023,166.1,167.41,165.65,166.47,165.5861,49923000
4/17/2023,165.09,165.39,164.03,165.23,164.3527,41516200
4/14/2023,164.59,166.32,163.82,165.21,164.3328,49386500
4/13/2023,161.63,165.8,161.42,165.56,164.681,68445600
4/12/2023,161.22,162.06,159.78,160.1,159.25,50133100
4/11/2023,162.35,162.36,160.51,160.8,159.9463,47644200
4/10/2023,161.42,162.03,160.08,162.03,161.1697,47716900
4/6/2023,162.43,164.96,162,164.66,163.7858,45390100
4/5/2023,164.74,165.05,161.8,163.76,162.8905,51511700
4/4/2023,166.6,166.84,165.11,165.63,164.7506,46278300
4/3/2023,164.27,166.29,164.22,166.17,165.2877,56976200
3/31/2023,162.44,165,161.91,164.9,164.0245,68749800
3/30/2023,161.53,162.47,161.27,162.36,161.498,49501700
3/29/2023,159.37,161.05,159.35,160.77,159.9164,51305700
3/28/2023,157.97,158.49,155.98,157.65,156.813,45992200
3/27/2023,159.94,160.77,157.87,158.28,157.4396,52390300
3/24/2023,158.86,160.34,157.85,160.25,159.3992,59196500
3/23/2023,158.83,161.55,157.68,158.93,158.0862,67622100
3/22/2023,159.3,162.14,157.81,157.83,156.992,75701800
3/21/2023,157.32,159.4,156.54,159.28,158.4343,73938300
3/20/2023,155.07,157.82,154.15,157.4,156.5643,73641400
3/17/2023,156.08,156.74,154.28,155,154.177,98944600
3/16/2023,152.16,156.46,151.64,155.85,155.0225,76161100
3/15/2023,151.19,153.25,149.92,152.99,152.1777,77167900
3/14/2023,151.28,153.4,150.1,152.59,151.7798,73695900
3/13/2023,147.81,153.14,147.7,150.47,149.6711,84457100
3/10/2023,150.21,150.94,147.61,148.5,147.7116,68572400
3/9/2023,153.56,154.54,150.23,150.59,149.7905,53833600
3/8/2023,152.81,153.47,151.83,152.87,152.0584,47204800
3/7/2023,153.7,154.03,151.13,151.6,150.7951,56182000
3/6/2023,153.79,156.3,153.46,153.83,153.0133,87558000
3/3/2023,148.04,151.11,147.33,151.03,150.2281,70732300
3/2/2023,144.38,146.71,143.9,145.91,145.1353,52238100
3/1/2023,146.83,147.23,145.01,145.31,144.5385,55479000
2/28/2023,147.05,149.08,146.83,147.41,146.6273,50547000
2/27/2023,147.71,149.17,147.45,147.92,147.1346,44998500
2/24/2023,147.11,147.19,145.72,146.71,145.9311,55469600
2/23/2023,150.09,150.34,147.24,149.4,148.6068,48394200
2/22/2023,148.87,149.95,147.16,148.91,148.1194,51011300
2/21/2023,150.2,151.3,148.41,148.48,147.6917,58867200
2/17/2023,152.35,153,150.85,152.55,151.7401,59144100
2/16/2023,153.51,156.33,153.35,153.71,152.8939,68167900
2/15/2023,153.11,155.5,152.88,155.33,154.5053,65573800
2/14/2023,152.12,153.77,150.86,153.2,152.3866,61707600
2/13/2023,150.95,154.26,150.92,153.85,153.0332,62199000
2/10/2023,149.46,151.34,149.22,151.01,150.2082,57450700
2/9/2023,153.78,154.33,150.42,150.87,149.8402,56007100
2/8/2023,153.88,154.58,151.17,151.92,150.883,64120100
2/7/2023,150.64,155.23,150.64,154.65,153.5944,83322600
2/6/2023,152.57,153.1,150.78,151.73,150.6943,69858300
2/3/2023,148.03,157.38,147.83,154.5,153.4454,154357300
2/2/2023,148.9,151.18,148.17,150.82,149.7905,118339000
2/1/2023,143.97,146.61,141.32,145.43,144.4373,77663600
1/31/2023,142.7,144.34,142.28,144.29,143.3051,65874500
1/30/2023,144.96,145.55,142.85,143,142.0239,64015300
1/27/2023,143.16,147.23,143.08,145.93,144.9339,70555800
1/26/2023,143.17,144.25,141.9,143.96,142.9774,54105100
1/25/2023,140.89,142.43,138.81,141.86,140.8917,65799300
1/24/2023,140.31,143.16,140.3,142.53,141.5571,66435100
1/23/2023,138.12,143.32,137.9,141.11,140.1468,81760300
1/20/2023,135.28,138.02,134.22,137.87,136.9289,80223600
1/19/2023,134.08,136.25,133.77,135.27,134.3467,58280400
1/18/2023,136.82,138.61,135.03,135.21,134.2871,69672800
1/17/2023,134.83,137.29,134.13,135.94,135.0121,63646600
1/13/2023,132.03,134.92,131.66,134.76,133.8402,57809700
1/12/2023,133.88,134.26,131.44,133.41,132.4994,71379600
1/11/2023,131.25,133.51,130.46,133.49,132.5788,69458900
1/10/2023,130.26,131.26,128.12,130.73,129.8377,63896200
1/9/2023,130.47,133.41,129.89,130.15,129.2616,70790800
1/6/2023,126.01,130.29,124.89,129.62,128.7352,87754700
1/5/2023,127.13,127.77,124.76,125.02,124.1666,80962700
1/4/2023,126.89,128.66,125.08,126.36,125.4975,89113600
1/3/2023,130.28,130.9,124.17,125.07,124.2163,112117500
